CRIM,NOX,RM,AGE,LSTAT,MEDV
0.08829,0.524,6.012,66.6,12.43,22.9
0.14455,,6.172,96.1,19.15,27.1
0.21124,0.524,,,29.93,16.5
0.17004,,6.004,85.9,17.1,18.9
0.22489,0.524,6.377,94.3,20.45,15
0.22489,0.524,6.377,94.3,20.45,15
