CRIM,NOX,RM,AGE,LSTAT,MEDV
0.02763,0.428,6.595,21.8,4.32,30.8
0.03359,0.428,7.024,15.8,1.98,34.9
0.12744,0.448,6.77,2.9,4.84,26.6
0.1415,0.448,6.169,6.6,5.81,25.3
0.15936,0.448,6.211,6.5,7.44,24.7
